celltype_T.Cells.gene,celltype_T.Cells.p_val,celltype_T.Cells.avg_logFC,celltype_T.Cells.pct.1,celltype_T.Cells.pct.2,celltype_T.Cells.p_val_adj,celltype_T.Cells.clust
Ms4a4b,7.16266294465976e-257,1.41118218984577,0.901,0.001,1.3145635302334e-252,T Cells
Cd3g,7.85536895140027e-236,1.16772359997272,0.837,0.001,1.44169586365049e-231,T Cells
Nkg7,4.05110581914711e-233,1.30121850493895,0.829,0.001,7.4349945098807e-229,T Cells
Trbc2,7.58930192943436e-225,1.16438458191139,0.832,0.009,1.39286458310909e-220,T Cells
AW112010,1.8788635775989e-214,1.4092048153179,0.933,0.111,3.44827832396726e-210,T Cells
Gimap4,1.36288053670507e-213,1.06348284901345,0.772,0.002,2.50129464901481e-209,T Cells
Gimap3,4.84683722128642e-212,0.968170717281917,0.767,0.001,8.89540035222696e-208,T Cells
Ltb,1.76923476622262e-200,1.04001160964699,0.777,0.025,3.24707656644837e-196,T Cells
Cd3d,1.65275370354385e-195,0.894527217358491,0.72,0.001,3.03329887211404e-191,T Cells
H2-Q7,2.08279724035668e-195,1.06030308723853,0.879,0.085,3.82255777522661e-191,T Cells
Tmsb10,2.64540125080869e-195,1.39908633756404,0.953,0.237,4.8551049156092e-191,T Cells
Cxcr6,1.73106090006517e-185,0.906326150224887,0.691,0.001,3.17701606988961e-181,T Cells
Ptprcap,1.22932344929822e-183,0.757822649949263,0.681,0.001,2.25617732649702e-179,T Cells
Cd3e,8.41754968775551e-175,0.769964622585688,0.653,0.001,1.54487289419377e-170,T Cells
Rps24,3.23154323200619e-174,1.17538229390795,1,0.97,5.93085129370095e-170,T Cells
Rpl12,1.95545888875471e-169,1.28800505962453,1,0.879,3.58885369853152e-165,T Cells
Rpsa,7.54002041698364e-167,1.1742928070773,0.998,0.908,1.38381994712901e-162,T Cells
Ccl5,1.31307886984207e-166,1.89651519393575,0.663,0.02,2.40989364982116e-162,T Cells
Rps15a,1.18517369645232e-165,1.2091680616964,1,0.834,2.17514928509895e-161,T Cells
Ctsw,2.19720131324767e-165,0.711023087483607,0.626,0.002,4.03252357020345e-161,T Cells
Cd52,2.22713402887889e-165,1.32176173146321,0.983,0.433,4.08745908320143e-161,T Cells
Rps16,5.05541794889332e-165,1.11318501090363,1,0.904,9.2782085616039e-161,T Cells
Rps18,2.66630345823732e-164,1.18365910584799,1,0.84,4.89346673690295e-160,T Cells
S100a10,6.62803360108333e-159,0.777874912433391,0.72,0.049,1.21644300680682e-154,T Cells
Rps13,3.37852895458968e-156,1.07685423866284,1,0.873,6.20061419035844e-152,T Cells
Cst3,2.85755582423285e-155,-1.69146658969891,1,1,5.24447220421455e-151,T Cells
Tpt1,5.37344065972474e-155,0.951672793894316,1,0.983,9.86187564279281e-151,T Cells
Rpl13,1.81912173240416e-154,0.938319192802615,1,0.988,3.33863411548136e-150,T Cells
Rps27,3.83163841515958e-153,1.16490706753039,1,0.928,7.03220598334238e-149,T Cells
Rps5,2.00882980999836e-150,1.03926628680185,0.998,0.838,3.68680535028999e-146,T Cells
Rpl18a,8.43290657301278e-150,0.942549315820456,1,0.946,1.54769134334504e-145,T Cells
Rpl32,8.47053081882203e-148,1.03037724550189,0.998,0.882,1.55459652117841e-143,T Cells
Rac2,3.02803851112186e-146,0.849988686595534,0.809,0.136,5.55735907946195e-142,T Cells
Rps14,1.26806639981016e-145,0.930755575417001,1,0.958,2.32728226357159e-141,T Cells
Rpl17,1.64709725542917e-145,0.985204741848621,1,0.915,3.02291759288916e-141,T Cells
Ccnd2,3.86515521952967e-144,0.913303588747036,0.78,0.109,7.09371937440279e-140,T Cells
Rpl19,1.06318769369831e-142,0.920073721423626,1,0.935,1.95126837424451e-138,T Cells
Rps7,4.89655379405098e-142,0.968466727792789,0.995,0.82,8.98664517822177e-138,T Cells
Id2,4.15681217231771e-140,0.927278202919216,0.787,0.123,7.62899737985468e-136,T Cells
Rpl18,2.28591782926297e-139,0.988617468263495,0.998,0.83,4.19534499204632e-135,T Cells
Bcl2,8.65315480440208e-138,0.783945810078686,0.644,0.062,1.58811350125191e-133,T Cells
Rpl36,2.04196571780867e-137,0.94126537936941,0.988,0.792,3.74761968189425e-133,T Cells
C1qc,1.43034853307861e-136,-1.68799580847866,0.535,0.928,2.62511866275917e-132,T Cells
Cd81,6.62880055543681e-136,-1.23994690860041,0.507,0.955,1.21658376593932e-131,T Cells
Rpl23,1.00957237328962e-135,0.946262743288723,1,0.939,1.85286817669844e-131,T Cells
C1qb,1.95052527271296e-135,-1.75582670813191,0.725,0.948,3.5797990330101e-131,T Cells
Lck,4.99861720527064e-134,0.553728903312697,0.532,0.002,9.17396215683321e-130,T Cells
S100a6,5.0562150934073e-134,0.964979996418639,0.681,0.081,9.27967156093041e-130,T Cells
Rpl8,1.23861550513141e-133,0.853115128385204,0.995,0.871,2.27323103656768e-129,T Cells
C1qa,3.77857908041924e-133,-1.87655658737354,0.743,0.949,6.93482618629342e-129,T Cells
Skap1,1.61271522273934e-132,0.585056017712475,0.515,0.001,2.95981624829351e-128,T Cells
Rps10,2.33281670676424e-132,0.870422963629911,0.998,0.926,4.2814185019244e-128,T Cells
Hexb,1.16065167906115e-131,-1.64281980286371,0.545,0.925,2.13014402658093e-127,T Cells
Rpl27a,2.77670227077056e-131,0.828568116901855,0.998,0.955,5.09608167754522e-127,T Cells
Rps19,9.32814947280266e-129,0.992059328675159,0.998,0.867,1.71199527274347e-124,T Cells
Shisa5,3.59787630788867e-128,0.872432778667224,0.851,0.238,6.60318238786808e-124,T Cells
H2-K1,4.38031282784037e-128,1.02472192741695,0.988,0.598,8.03918813293543e-124,T Cells
Rpl37a,1.37026388227706e-127,0.880838162255686,0.995,0.937,2.51484530314308e-123,T Cells
Ctss,2.1522752697272e-127,-1.55943663674224,0.658,0.933,3.95007080253033e-123,T Cells
Rpl39,7.59594583343395e-127,0.918497979789688,0.995,0.899,1.39408393881013e-122,T Cells
Rplp2,3.476861033652e-126,0.830163900699828,0.998,0.852,6.38108305506152e-122,T Cells
Hcst,3.98409301639722e-126,0.740979029031136,0.649,0.058,7.31200591299382e-122,T Cells
Cx3cr1,2.04889811435893e-125,-1.40429032622449,0.23,0.86,3.76034270928294e-121,T Cells
Sept1,5.61038484629991e-125,0.590750140786816,0.552,0.028,1.02967393084142e-120,T Cells
Ctsd,2.40712065990027e-123,-1.40860062765603,0.772,0.946,4.41778854711496e-119,T Cells
Csf1r,8.04218862151515e-123,-1.25405480625958,0.322,0.885,1.47598287770667e-118,T Cells
Rps23,2.39707202744613e-121,0.812449407600919,0.998,0.915,4.39934629197189e-117,T Cells
Trem2,2.9201713227191e-121,-1.25806859472894,0.354,0.884,5.35939042858637e-117,T Cells
Marcks,1.07325576032389e-120,-1.13596595157084,0.282,0.864,1.96974629692244e-116,T Cells
Rpl9,4.1126073739258e-120,0.796559606329756,0.995,0.885,7.54786831336601e-116,T Cells
Gimap6,1.85549465851164e-119,0.627769449513886,0.577,0.047,3.40538934676642e-115,T Cells
Rps3,3.88568859905893e-119,0.836627455772478,0.998,0.866,7.13140428585285e-115,T Cells
Rps11,6.88587042909288e-119,0.802555201705485,0.998,0.918,1.26376379985142e-114,T Cells
Lat,9.84730932514437e-119,0.495428704602707,0.47,0.001,1.80727668044375e-114,T Cells
Rpl38,3.31970074386622e-118,0.954441542862978,0.995,0.881,6.09264677521768e-114,T Cells
Rpl30,4.9170662542684e-118,0.788029980387353,1,0.931,9.02429169645879e-114,T Cells
Rps20,1.72605535475487e-117,0.820653156120329,0.99,0.887,3.16782939258161e-113,T Cells
Lgmn,1.99423881607269e-117,-1.15746699909953,0.218,0.843,3.66002649913821e-113,T Cells
Trac,1.44171099944387e-116,0.517833027214022,0.463,0.001,2.64597219727934e-112,T Cells
Rps8,3.91888717768593e-115,0.700730879718146,1,0.97,7.19233363720698e-111,T Cells
Rplp0,3.60991803677665e-114,0.871304309997356,0.998,0.849,6.62528257289619e-110,T Cells
Rps4x,8.47945908655707e-114,0.771511569334131,0.998,0.912,1.55623512615582e-109,T Cells
Fxyd5,9.4972690101559e-114,0.646252462675131,0.686,0.095,1.74303378143391e-109,T Cells
Rps9,1.48435375456678e-112,0.732012662667314,1,0.929,2.72423444575642e-108,T Cells
Ly6c2,3.02489719930466e-112,0.882829107112318,0.448,0.002,5.55159382988385e-108,T Cells
Cd2,5.98901519502125e-112,0.464468134681152,0.443,0,1.09916395874225e-107,T Cells
Gimap7,3.39207758401253e-111,0.489014235812011,0.441,0,6.22547998993819e-107,T Cells
Rpl11,7.59310032733414e-109,0.737358534563437,0.993,0.88,1.39356170307564e-104,T Cells
Rps3a1,8.90460044796636e-109,0.744681983726362,0.998,0.923,1.63426132021527e-104,T Cells
Rpl5,3.22330599040765e-108,0.768059783199191,0.993,0.828,5.91573348419515e-104,T Cells
Eef1a1,2.03728941936673e-107,0.640072214355464,1,0.978,3.73903727136376e-103,T Cells
P2ry12,2.09171575969219e-106,-1.20584826885434,0.141,0.773,3.83892593376307e-102,T Cells
Rack1,3.77547877085869e-105,0.775422608605828,0.985,0.741,6.92913618815696e-101,T Cells
Trbc1,3.96353724634605e-105,0.771533810813293,0.426,0.001,7.2742799082189e-101,T Cells
Tyrobp,4.55533656242692e-105,-1.18607076778631,0.502,0.908,8.36040919302213e-101,T Cells
Rpl34,1.90044260361707e-104,0.756600940727477,0.993,0.854,3.48788231041841e-100,T Cells
Fcer1g,1.95718985192118e-102,-1.07778083373187,0.376,0.881,3.59203053523094e-98,T Cells
Rps21,2.41598126955767e-102,0.719787787114579,0.998,0.96,4.43405042401918e-98,T Cells
Rps27a,4.44986464156207e-101,0.646356674221911,1,0.952,8.16683657665886e-97,T Cells
Ctsz,4.65476742003294e-101,-1.11593800801664,0.351,0.85,8.54289464598645e-97,T Cells
Crip1,2.00720196414862e-99,0.594097554002712,0.579,0.076,3.68381776480197e-95,T Cells
Siglech,3.75749756278683e-99,-1.0090928075797,0.161,0.771,6.89613527698268e-95,T Cells
Rps6,3.95883218775243e-99,0.776577160324558,0.973,0.771,7.26564471418203e-95,T Cells
Ctsl,1.51633765369284e-97,-1.04191217256517,0.329,0.848,2.78293449582247e-93,T Cells
Rpl14,5.46929294194903e-97,0.739574476202342,0.973,0.791,1.00377933363591e-92,T Cells
Sparc,6.14076227985654e-97,-0.956751382052711,0.502,0.908,1.12701410122207e-92,T Cells
Ly86,1.12024512929923e-95,-1.01899778817469,0.196,0.782,2.05598588580288e-91,T Cells
Rpl6,2.83808585517928e-94,0.704936430325926,0.998,0.931,5.20873897001054e-90,T Cells
Gimap1,1.08176859723471e-92,0.511460727788256,0.55,0.068,1.98536990650486e-88,T Cells
Ifi203,1.52692267853167e-91,0.456259084737933,0.413,0.008,2.80236119190917e-87,T Cells
Mndal,1.75309206361372e-90,0.440334772422846,0.396,0.007,3.21744986435026e-86,T Cells
Rplp1,1.836655019162e-90,0.605388360952464,1,0.987,3.37081295666801e-86,T Cells
Rpl3,4.80249930718371e-90,0.652776318848558,0.993,0.87,8.81402697847425e-86,T Cells
Rpl37,7.90333827541187e-90,0.647776517534761,0.998,0.943,1.45049967368634e-85,T Cells
Ms4a6b,9.18419969320072e-90,0.651292290343501,0.614,0.127,1.68557616969313e-85,T Cells
Gpr34,1.86969727113551e-89,-0.949818851691069,0.168,0.743,3.43145540171499e-85,T Cells
Olfml3,2.01619329803071e-89,-0.866499304661549,0.141,0.721,3.70031955987577e-85,T Cells
Rpl36a,2.2105154889311e-89,0.692949873495611,0.938,0.645,4.05695907683525e-85,T Cells
Ly6a,2.99605160017459e-89,0.598389581078032,0.621,0.087,5.49865350180043e-85,T Cells
Il2rb,8.1801592496376e-89,0.367995451798012,0.359,0,1.50130462708599e-84,T Cells
Fcrls,7.15728225492147e-88,-0.977862741207239,0.134,0.737,1.31357601224574e-83,T Cells
Basp1,1.23446030052884e-87,-0.782010957899948,0.349,0.817,2.26560498956058e-83,T Cells
Thy1,1.44187954293717e-87,0.590429122316821,0.626,0.121,2.6462815251526e-83,T Cells
Itm2b,1.98591668524396e-87,-0.777222890158712,0.906,0.979,3.64475289242824e-83,T Cells
Rpl26,4.56241009272451e-87,0.586161793519394,0.995,0.934,8.3733912431773e-83,T Cells
Rps2,6.20361853761832e-87,0.711046361584355,0.965,0.766,1.13855011020909e-82,T Cells
Aif1,2.05548711326957e-86,-0.782992655979101,0.208,0.743,3.77243549898364e-82,T Cells
Xcl1,4.11574626945812e-86,0.42276729903503,0.349,0,7.55362912833648e-82,T Cells
Mef2c,6.27210459908523e-86,-0.817272617373166,0.376,0.85,1.15111935707011e-81,T Cells
Cxcr3,9.67888573103527e-85,0.374527806603366,0.361,0.002,1.7763658982169e-80,T Cells
Rps15,3.14221117679508e-84,0.637824008268945,0.993,0.906,5.76690017277202e-80,T Cells
Tgfbr1,4.94880819971245e-84,-0.787193321622946,0.114,0.684,9.08254768893226e-80,T Cells
Fcgr3,7.86276129464305e-84,-0.801879113992515,0.139,0.711,1.44305258040584e-79,T Cells
Cd8b1,1.41097220082794e-83,0.605964294095645,0.347,0.001,2.58955728017952e-79,T Cells
Ctsh,1.65792607124483e-83,-0.77989927057606,0.121,0.698,3.04279171855564e-79,T Cells
Rinl,8.39410407418302e-83,0.44473898266516,0.468,0.052,1.54056992073481e-78,T Cells
Runx3,3.32137093029318e-80,0.36436872286108,0.327,0.001,6.09571206836707e-76,T Cells
Tmem119,9.6077501016771e-80,-0.833495507205142,0.119,0.688,1.7633103761608e-75,T Cells
Cd9,3.48850085731217e-79,-0.968767978919691,0.248,0.747,6.40244562342502e-75,T Cells
Rpl21,1.20002305983422e-78,0.562020194331058,1,0.951,2.20240232171375e-74,T Cells
Rrbp1,2.10081972396847e-78,-0.777329917558813,0.248,0.762,3.85563443939934e-74,T Cells
Rpl24,7.04527883503728e-78,0.598652114627914,0.983,0.857,1.29302002459439e-73,T Cells
Itgb7,1.2024356834335e-77,0.350135399207246,0.324,0.001,2.2068302098055e-73,T Cells
Selenop,1.7392283428767e-77,-0.761772920596106,0.307,0.795,3.1920057776816e-73,T Cells
Ptpn22,1.75926337859709e-77,0.348930368524543,0.334,0.007,3.22877607873923e-73,T Cells
Mafb,2.06515820443549e-77,-0.770568190766317,0.094,0.661,3.79018485260046e-73,T Cells
Cd8a,6.66809269374624e-77,0.447114680397792,0.314,0,1.22379505208325e-72,T Cells
Fau,8.8892426189e-77,0.508437959137005,1,0.969,1.63144269784672e-72,T Cells
Rps12,4.20949684723394e-76,0.62651335100878,0.998,0.921,7.72568956372845e-72,T Cells
Psmb8,6.48097680020882e-76,0.605105574110836,0.792,0.323,1.18945367214232e-71,T Cells
Rpl23a,3.35395391490514e-75,0.607587455503691,0.97,0.786,6.15551162002541e-71,T Cells
Rpl15,3.00199748271559e-74,0.612839650122129,0.97,0.829,5.50956598002792e-70,T Cells
Il2rg,7.20225313990508e-74,0.356930808431546,0.356,0.017,1.32182951876678e-69,T Cells
Lpcat2,9.2955783265692e-73,-0.679152111092374,0.072,0.614,1.70601749027524e-68,T Cells
Itgb5,1.55265321465924e-72,-0.671360610797625,0.163,0.667,2.84958444486411e-68,T Cells
Rpl10a,4.08661265321576e-72,0.605908298338084,0.97,0.774,7.50016020244688e-68,T Cells
Psap,6.66817375881482e-72,-0.748304789207302,0.678,0.925,1.22380992995528e-67,T Cells
Ctsb,1.18751612196285e-71,-0.910693011482487,0.507,0.857,2.17944833863841e-67,T Cells
H2-D1,2.23556577728252e-71,0.584401766372813,0.975,0.621,4.10293387104661e-67,T Cells
Rgs10,2.32997088323778e-71,-0.758087755045468,0.349,0.792,4.27619556200631e-67,T Cells
Qk,3.34803528807026e-69,-0.684943316696456,0.366,0.801,6.14464916419534e-65,T Cells
S100a11,4.11918687805085e-69,0.367484549737362,0.364,0.026,7.55994367728672e-65,T Cells
Sh3bgrl3,1.35527389341175e-68,0.659545949232637,0.896,0.562,2.48733417657859e-64,T Cells
Rpl7,2.02682828165139e-68,0.593459297568981,0.973,0.806,3.71983794531479e-64,T Cells
Sp100,2.58103595573921e-68,0.436969866939159,0.475,0.063,4.73697528956817e-64,T Cells
Gimap5,3.70561805852229e-68,0.315252240225952,0.302,0.008,6.80092082280596e-64,T Cells
Pfn1,7.29426410584444e-68,0.619226552272096,0.886,0.539,1.33871629134563e-63,T Cells
Dusp2,8.4808876381564e-68,0.371692404570143,0.307,0.005,1.55649730823084e-63,T Cells
Itgal,2.42555241370627e-67,0.302409547508114,0.285,0.002,4.45161634487511e-63,T Cells
Grn,3.63097316993615e-67,-0.736236273242863,0.228,0.728,6.66392505878381e-63,T Cells
Slfn2,3.94905977504507e-67,0.460953973809041,0.443,0.072,7.24770940514022e-63,T Cells
Rpl22,4.92111060501182e-67,0.580572079054704,0.923,0.595,9.0317142933782e-63,T Cells
Ptprc,6.11819089350909e-67,0.599653497107202,0.822,0.429,1.12287157468572e-62,T Cells
Epb41l2,6.38810172321991e-67,-0.7042478325515,0.188,0.684,1.17240830926255e-62,T Cells
Stk17b,6.33857478501348e-66,0.399038795000453,0.448,0.071,1.16331863029352e-61,T Cells
Zfhx3,7.38261938073992e-66,-0.643854743333386,0.079,0.584,1.3549321349472e-61,T Cells
Rps26,1.68560077953337e-65,0.595190887083038,0.931,0.665,3.0935831106776e-61,T Cells
Gm2682,1.89696197146508e-65,0.302903060101553,0.27,0,3.48149430622986e-61,T Cells
Hpgds,3.64127415814924e-65,-0.649702440004204,0.126,0.622,6.68283046245129e-61,T Cells
Rpl41,8.96739891012217e-65,0.486885364480579,0.993,0.9,1.64578672197472e-60,T Cells
Rps28,1.10423476231062e-64,0.579872885479032,0.948,0.718,2.02660205926869e-60,T Cells
Frmd4a,2.34773102917189e-64,-0.558338641295435,0.045,0.527,4.30879075783916e-60,T Cells
Timp2,2.98638980084453e-64,-0.673098783206228,0.225,0.686,5.48092120148996e-60,T Cells
Tespa1,1.4304134707254e-63,0.291579154317696,0.262,0,2.62523784282233e-59,T Cells
Plac8,2.16078304840766e-63,0.350135399207246,0.27,0.001,3.96568512874259e-59,T Cells
Mpeg1,7.3120518827345e-63,-0.615544554509176,0.079,0.572,1.34198088203826e-58,T Cells
Anxa3,1.35193046248818e-62,-0.566795508204756,0.089,0.576,2.48119797780456e-58,T Cells
Ctla2a,3.15984602899777e-62,0.38893505234776,0.423,0.053,5.7992654170196e-58,T Cells
Ahnak,6.16727121219356e-62,0.398604240781742,0.458,0.066,1.13187928557388e-57,T Cells
Eef1b2,1.08317765348198e-61,0.539704985195506,0.916,0.643,1.98795594743547e-57,T Cells
Ftl1,1.45368024567796e-61,-0.670097404320212,0.856,0.96,2.66793935489276e-57,T Cells
Serinc3,3.6628079500557e-61,-0.676834145676924,0.438,0.805,6.72235143073723e-57,T Cells
Hexa,1.52900771309571e-60,-0.635175778975799,0.2,0.666,2.80618785584456e-56,T Cells
Stat4,2.15464706425284e-60,0.268461752337283,0.257,0.001,3.95442375702324e-56,T Cells
Irf8,2.61249293389022e-60,-0.571066832196632,0.104,0.569,4.79470828156873e-56,T Cells
Rpl35a,4.41016204231773e-60,0.493502724821174,0.995,0.918,8.09397039626572e-56,T Cells
Arhgdib,7.10347060325859e-60,0.561750511527217,0.829,0.41,1.30369995981605e-55,T Cells
Vsir,3.01645652901314e-59,-0.63369176184971,0.215,0.673,5.53610266769782e-55,T Cells
Itga4,3.15524722363343e-59,0.327043923649291,0.29,0.015,5.79082522953443e-55,T Cells
Rpl29,1.2077569509714e-58,0.487599023450965,0.908,0.642,2.21659633211781e-54,T Cells
H2-Q6,3.60203834737541e-58,0.29826831970543,0.319,0.028,6.61082097893809e-54,T Cells
Unc93b1,4.39906089854175e-58,-0.616765901264681,0.151,0.624,8.07359646709367e-54,T Cells
Plxdc2,1.72001214199776e-57,-0.602300090246029,0.116,0.597,3.15673828420849e-53,T Cells
Cnn2,2.47273856580751e-57,0.348718272211906,0.366,0.035,4.53821708982651e-53,T Cells
Lyn,1.24127135945112e-56,-0.575579579105796,0.072,0.557,2.27810532600063e-52,T Cells
Srgap2,3.33883567908032e-56,-0.564153119236104,0.124,0.586,6.12776512181611e-52,T Cells
Sirpa,3.98688304262567e-56,-0.565941363793506,0.166,0.615,7.3171264481309e-52,T Cells
Isg20,7.88821426135694e-56,0.350453375899788,0.27,0.011,1.44772396338684e-51,T Cells
Npm1,1.40349829439688e-55,0.550630331220782,0.814,0.469,2.5758404197066e-51,T Cells
Cd68,1.71579172080094e-55,-0.629812370508803,0.158,0.611,3.14899254518597e-51,T Cells
Pld4,1.73575786285665e-55,-0.549691056835405,0.109,0.562,3.18563640570081e-51,T Cells
Atp6v0b,2.97440488246273e-55,-0.59356503120488,0.287,0.743,5.45892528078385e-51,T Cells
Ptgs1,3.28612164059858e-55,-0.53451011326933,0.064,0.504,6.03101904699058e-51,T Cells
Lamp1,3.81349252366935e-55,-0.603005387209122,0.396,0.782,6.99890282869035e-51,T Cells
F11r,1.54342673544718e-54,-0.484278797745208,0.052,0.48,2.83265108756621e-50,T Cells
Lgals1,1.54521081660857e-54,0.367550298118332,0.354,0.042,2.83592541172171e-50,T Cells
Laptm5,1.8665184691976e-54,-0.677634893430353,0.696,0.864,3.42562134651835e-50,T Cells
Rpl4,2.02492537749414e-54,0.550998350270432,0.894,0.653,3.716345545315e-50,T Cells
Ptpn18,2.51520396418535e-54,0.527731426380793,0.775,0.416,4.61615383546937e-50,T Cells
Ifi47,3.39683831733878e-54,0.254746189227911,0.24,0.007,6.23421736381187e-50,T Cells
P2ry13,2.2904461426006e-53,-0.519140227795428,0.059,0.495,4.20365580551488e-49,T Cells
Lair1,2.29188156306628e-53,-0.580075044980326,0.079,0.555,4.20629023269554e-49,T Cells
Cd63,3.79841278710429e-53,-0.703445666254405,0.307,0.691,6.9712269881725e-49,T Cells
Maf,7.98353030678007e-53,-0.599174742960074,0.178,0.617,1.46521731720335e-48,T Cells
Arhgap5,2.38693958184141e-52,-0.611828743120452,0.28,0.708,4.38075021455354e-48,T Cells
Pdcd4,4.29177834263548e-52,0.440652813262486,0.54,0.162,7.8767007922389e-48,T Cells
Slfn1,4.84140621519057e-52,0.268854011756538,0.22,0,8.88543282673925e-48,T Cells
Bcl11b,2.72970306162012e-51,0.377496811063957,0.423,0.094,5.00982402899141e-47,T Cells
Pou2f2,3.29314927668238e-51,-0.549797143963347,0.139,0.561,6.04391686749517e-47,T Cells
Cyfip1,9.05719645317611e-50,-0.542398393131527,0.2,0.623,1.66226726505141e-45,T Cells
Txk,9.76333593855911e-50,0.2515467448709,0.233,0.006,1.79186504480375e-45,T Cells
Clec2d,7.87480621166302e-49,0.371700732210928,0.478,0.119,1.44526318402651e-44,T Cells
Abhd12,3.62984633122464e-48,-0.522796446177987,0.198,0.626,6.66185697169658e-44,T Cells
Cfh,4.48632311133885e-48,-0.493528956766052,0.079,0.491,8.23374880624019e-44,T Cells
Sept6,4.63238014118355e-48,0.297397936219234,0.327,0.036,8.50180727311418e-44,T Cells
Gimap9,6.76514330846176e-48,0.286454706882586,0.295,0.025,1.24160675140199e-43,T Cells
S100a4,8.09675684486127e-48,0.264224933182455,0.218,0.007,1.48599778373739e-43,T Cells
Vim,3.65380014342283e-47,0.363961549692399,0.408,0.082,6.70581940322392e-43,T Cells
4930523C07Rik,7.4778608071286e-47,0.269072141203418,0.27,0.021,1.37241179393231e-42,T Cells
Mertk,9.79637258943738e-47,-0.457657463372952,0.045,0.446,1.79792826133944e-42,T Cells
Camk1,1.48566077829286e-46,-0.48792565765178,0.077,0.506,2.72663322640089e-42,T Cells
Rhob,1.74683852716092e-46,-0.428294554876231,0.082,0.455,3.20597274889843e-42,T Cells
Pmepa1,3.63309226151216e-46,-0.552611645775843,0.28,0.643,6.66781422755327e-42,T Cells
Fgl2,5.56177577573573e-46,0.314921137587478,0.272,0.03,1.02075270812078e-41,T Cells
Mef2a,5.73676398088709e-46,-0.503588527591571,0.243,0.62,1.05286829341221e-41,T Cells
Kctd12,6.3035483778643e-46,-0.509845538706854,0.136,0.553,1.15689023378944e-41,T Cells
B4galnt1,7.78945093355334e-46,0.298220803002844,0.381,0.082,1.42959792983504e-41,T Cells
Myl6,2.14075361141033e-45,0.448456119806801,0.866,0.552,3.92892510302138e-41,T Cells
Lsp1,6.20632767467746e-45,0.381817359168809,0.495,0.141,1.13904731813356e-40,T Cells
Tanc2,1.08197944711636e-44,-0.460306468507201,0.126,0.521,1.98575687929266e-40,T Cells
Bin1,1.53346235707165e-44,-0.488659900313495,0.238,0.618,2.8143634639336e-40,T Cells
Rnase4,2.66558060374022e-44,-0.463912673137775,0.079,0.465,4.89214008204442e-40,T Cells
Slco2b1,4.17564299261511e-44,-0.430715935064165,0.082,0.461,7.66355758434652e-40,T Cells
Emp3,4.26056857664956e-44,0.314128452852386,0.386,0.072,7.81942150872494e-40,T Cells
Rpl27,1.69277658038429e-43,0.395774026009966,0.54,0.183,3.10675285797928e-39,T Cells
Fam189b,1.75737031114411e-43,0.251054617491404,0.255,0.022,3.22530173204278e-39,T Cells
Ltc4s,2.49919708318913e-43,-0.483695526122635,0.079,0.473,4.58677640677701e-39,T Cells
Tspo,3.2976008364759e-43,0.364368854169385,0.592,0.233,6.05208681518422e-39,T Cells
Rpl22l1,4.02118884003903e-43,0.465958503957763,0.795,0.464,7.38008787812363e-39,T Cells
Cttnbp2nl,4.06540727627294e-43,-0.440003433767679,0.047,0.432,7.46124197414372e-39,T Cells
Selplg,8.62280148829841e-43,-0.631746070506374,0.525,0.776,1.58254275714741e-38,T Cells
P2ry6,1.09217778190728e-42,-0.432290391480924,0.02,0.404,2.00447388313443e-38,T Cells
Ctsa,1.65508912383651e-42,-0.498998530354955,0.173,0.572,3.03758506897716e-38,T Cells
Tmcc3,2.2925917793194e-42,-0.430710483680132,0.04,0.43,4.2075936925849e-38,T Cells
Adap2,2.75101482038581e-42,-0.389081626854105,0.027,0.377,5.04893749985407e-38,T Cells
Naca,6.11432746383318e-41,0.428639467809097,0.886,0.664,1.1221625194373e-36,T Cells
Epsti1,1.29290070661951e-40,0.327104671132804,0.384,0.098,2.37286066685879e-36,T Cells
Smap2,1.33272051051003e-40,-0.491025001329591,0.235,0.61,2.44594195293906e-36,T Cells
Creg1,1.4088921596014e-40,-0.473578092354228,0.158,0.541,2.58573978051645e-36,T Cells
Man2b1,1.75295286544813e-40,-0.509639359914318,0.255,0.632,3.21719439395695e-36,T Cells
Pabpc1,2.32352491362595e-40,0.425830443708907,0.772,0.482,4.2643652739777e-36,T Cells
Cd33,2.50489580458129e-40,-0.372058114593501,0.037,0.37,4.59723527014804e-36,T Cells
Lamp2,2.73832189897491e-40,-0.419544622776761,0.079,0.455,5.02564218118865e-36,T Cells
Tagln2,3.52597729566351e-40,0.356661465422943,0.428,0.102,6.47122613073125e-36,T Cells
Rpl13a,8.71361391352019e-40,0.445012878020378,0.626,0.284,1.59920956154836e-35,T Cells
Coro1a,1.06132549582044e-39,0.453756154563909,0.733,0.397,1.94785068247924e-35,T Cells
Hpgd,1.35720405656808e-39,-0.404465530515206,0.054,0.399,2.49087660501939e-35,T Cells
Hmgb2,1.68730927915199e-39,0.309691031922833,0.371,0.09,3.09671872002764e-35,T Cells
Entpd1,1.94750183789254e-39,-0.433823202242823,0.092,0.461,3.57425012308417e-35,T Cells
Golm1,3.2833612357437e-39,-0.464439433698084,0.114,0.491,6.02595287596041e-35,T Cells
Btg1,5.02089241152883e-39,0.446824143884981,0.678,0.334,9.21484384287886e-35,T Cells
Hk2,6.80531558646301e-39,-0.400824059244479,0.084,0.43,1.24897956958356e-34,T Cells
Gns,2.54204357668078e-38,-0.42845714809054,0.121,0.502,4.66541257628224e-34,T Cells
Sat1,3.41680201324637e-38,-0.438509536300244,0.215,0.578,6.27085673491105e-34,T Cells
Zeb2,3.44052607448385e-38,-0.474661348308441,0.191,0.557,6.31439750450021e-34,T Cells
H2afj,5.59067507841768e-38,0.360161480455592,0.5,0.205,1.026056597142e-33,T Cells
Syngr1,5.6741402892593e-38,-0.437841771130667,0.173,0.532,1.04137496728776e-33,T Cells
Spi1,7.57330656796764e-38,-0.390653776897282,0.089,0.435,1.3899289544191e-33,T Cells
Cd300c2,2.52033110963046e-37,-0.430271141215399,0.116,0.476,4.62556368550478e-33,T Cells
Rpl28,4.20888980492034e-37,0.403098641100965,0.941,0.834,7.7245754589703e-33,T Cells
Scamp2,6.65977805631808e-37,-0.422459572788962,0.149,0.504,1.22226906667606e-32,T Cells
Rpl35,7.72438901799058e-37,0.466328422443298,0.859,0.682,1.41765711647181e-32,T Cells
Scoc,1.77952953454294e-36,-0.418912898551197,0.178,0.514,3.26597055474666e-32,T Cells
Slc29a3,2.32260116346232e-36,-0.361165474890217,0.059,0.384,4.26266991530239e-32,T Cells
Erp29,2.54955422143289e-36,-0.420022276331436,0.255,0.589,4.67919686259579e-32,T Cells
Fcgr1,7.46020399723814e-36,-0.366246816461973,0.042,0.376,1.36917123961312e-31,T Cells
Ccnd3,8.99487299195983e-36,0.261343861660089,0.349,0.081,1.65082904021439e-31,T Cells
Rps29,1.37302052645075e-35,0.376715862339136,1,0.998,2.51990457219506e-31,T Cells
Mtdh,2.25200939928119e-35,-0.422329273924773,0.418,0.705,4.13311285050077e-31,T Cells
Uba52,2.59883959461082e-35,0.35046178737884,0.512,0.228,4.76965030798925e-31,T Cells
Itga1,4.63053985502455e-35,0.274911449554494,0.285,0.046,8.49842979592655e-31,T Cells
Fth1,8.21657040485406e-35,-0.368431075155164,1,0.999,1.50798716640287e-30,T Cells
Ivns1abp,8.89505377758269e-35,-0.423145934232944,0.106,0.462,1.63250921979975e-30,T Cells
Ppia,1.01685906279633e-34,0.370321003950962,0.963,0.856,1.8662414379501e-30,T Cells
Inpp5d,2.32818951774337e-34,-0.361434656503756,0.104,0.426,4.2729262219144e-30,T Cells
Lag3,2.44617314538438e-34,-0.390544373579251,0.116,0.43,4.48946157372394e-30,T Cells
Ophn1,8.0930507639335e-34,-0.3265234206444,0.037,0.338,1.48531760670471e-29,T Cells
Ifi27l2a,1.04980097864808e-33,0.475278171058783,0.344,0.082,1.92669973611282e-29,T Cells
Dnajc15,1.44828530288705e-33,0.278720999755439,0.364,0.112,2.6580380163886e-29,T Cells
Ptma,1.48465432659153e-33,0.405784292315211,0.916,0.722,2.72478608559343e-29,T Cells
Fyn,1.76782012420355e-33,0.26298104456478,0.329,0.083,3.24448027395078e-29,T Cells
Fam102b,4.81544778176653e-33,-0.330479127519464,0.042,0.333,8.83779131387611e-29,T Cells
Bmp2k,6.3032009786164e-33,-0.335369522609016,0.054,0.354,1.15682647560547e-28,T Cells
Eef1g,1.21199160526311e-32,0.39375309952554,0.71,0.428,2.22436819313939e-28,T Cells
Malat1,3.60760753851198e-32,-0.449333391694064,1,0.998,6.62104211543104e-28,T Cells
Sall1,6.15733602085607e-32,-0.345505054572904,0.032,0.348,1.13005587990772e-27,T Cells
Trf,1.06974409256387e-31,-0.419309958312862,0.166,0.511,1.96330133308246e-27,T Cells
Lyz2,1.27713677150184e-31,-0.614255525836642,0.22,0.537,2.34392911673733e-27,T Cells
Itgam,2.37797510090549e-31,-0.381248642909478,0.062,0.395,4.36429770269185e-27,T Cells
Cyth4,2.53942922785645e-31,-0.456062033869412,0.287,0.614,4.66061446188495e-27,T Cells
Capza2,3.2708699394905e-31,-0.395897638574131,0.361,0.644,6.00302759994692e-27,T Cells
Hsp90b1,4.1092230048098e-31,-0.491433812019429,0.537,0.787,7.54165698072743e-27,T Cells
Laptm4a,4.83299563460461e-31,-0.368149953984368,0.257,0.565,8.86999688818985e-27,T Cells
Bsg,7.02192429164225e-31,-0.858319725891897,0.418,0.686,1.2887337652451e-26,T Cells
B2m,8.35658847396564e-31,0.357979348706588,0.978,0.8,1.53368468262691e-26,T Cells
Sub1,1.39366700891709e-30,0.338551884054005,0.71,0.398,2.55779706146553e-26,T Cells
Eef2,1.396621927322e-30,0.365914889423688,0.879,0.678,2.56322022321407e-26,T Cells
Rgs2,2.06987076462798e-30,-0.349211197855033,0.153,0.45,3.79883381432172e-26,T Cells
Rpl10,2.39761863321839e-30,0.359352252799516,0.946,0.827,4.40034947754571e-26,T Cells
Lrp1,3.54224454919792e-30,-0.418344162926647,0.156,0.511,6.50108142114295e-26,T Cells
Dock4,4.06929893553445e-30,-0.301269135669255,0.045,0.324,7.46838433638637e-26,T Cells
Il6ra,4.15020204744572e-30,-0.308427365039344,0.042,0.322,7.61686581767714e-26,T Cells
Ncf1,4.37179228340341e-30,-0.3228988011565,0.04,0.333,8.02355037773027e-26,T Cells
Cd34,4.57881060385863e-30,-0.309554531386041,0.045,0.316,8.40349110126174e-26,T Cells
Serpine2,4.62706909466648e-30,-0.386540495301841,0.203,0.525,8.49205990944139e-26,T Cells
Ecscr,8.31583730920022e-30,-0.335049651493107,0.037,0.329,1.52620562135752e-25,T Cells
Ctsc,9.67373943416705e-30,-0.382135891864203,0.109,0.433,1.77542139835268e-25,T Cells
Fcgr2b,9.83885278166757e-30,-0.281611200649602,0.032,0.289,1.80572465101945e-25,T Cells
Pmp22,1.44623986592268e-29,-0.329686408853848,0.035,0.332,2.6542840259279e-25,T Cells
Plekho1,2.76321288469679e-29,-0.334567638931168,0.094,0.393,5.07132460728402e-25,T Cells
Abca9,3.44923145561719e-29,-0.311678159146307,0.01,0.292,6.33037449049422e-25,T Cells
Tmem86a,8.83578527032792e-29,-0.287286111250805,0.042,0.306,1.62163167066328e-24,T Cells
Adgrg1,9.25582606937476e-29,-0.29645938913301,0.054,0.329,1.69872175851235e-24,T Cells
Aes,1.06673706432784e-28,0.362295338215541,0.73,0.45,1.95778253416089e-24,T Cells
Eif3f,1.4067203459874e-28,0.324071044289294,0.661,0.427,2.58175385099067e-24,T Cells
Eif1,1.64648613479119e-28,0.361379799985897,0.963,0.856,3.02179600318226e-24,T Cells
Npc2,2.31280520293195e-28,-0.440262752443436,0.5,0.724,4.24469138894101e-24,T Cells
Ywhah,2.43472475048783e-28,-0.368983773010746,0.319,0.608,4.46845033457031e-24,T Cells
Rpl7a,2.44906716580085e-28,0.365451983243614,0.834,0.633,4.49477296939429e-24,T Cells
Tmem176b,2.84640937006255e-28,-0.37499870483551,0.205,0.532,5.2240151168758e-24,T Cells
Crybb1,4.14714105514652e-28,-0.345125094393204,0.052,0.334,7.6112479785104e-24,T Cells
Tcn2,4.20111684438865e-28,-0.290249912728782,0.04,0.315,7.7103097445065e-24,T Cells
Txn1,4.97035947660619e-28,0.313025448365096,0.46,0.169,9.12210074741534e-24,T Cells
Frmd4b,1.12275761506938e-27,-0.324729581941786,0.054,0.352,2.06059705093683e-23,T Cells
Nav2,1.34419667842751e-27,-0.289609357903607,0.045,0.316,2.46700416391801e-23,T Cells
Stat1,1.53309623921744e-27,0.337941328375068,0.349,0.103,2.81369152783577e-23,T Cells
Picalm,1.9548963760914e-27,-0.332672967070312,0.109,0.409,3.58782131904055e-23,T Cells
Cdk2ap2,2.99622629882659e-27,0.274489787937841,0.416,0.158,5.49897412623644e-23,T Cells
Itga6,5.73192937890241e-27,-0.303950261167094,0.052,0.332,1.05198099890996e-22,T Cells
Rasgrp3,5.93786872404543e-27,-0.26622221244596,0.035,0.28,1.08977704692406e-22,T Cells
Ptms,7.14399817668973e-27,-0.365152944724054,0.339,0.637,1.31113798536787e-22,T Cells
Lmo2,8.39065081164119e-27,-0.291918507990172,0.05,0.321,1.53993614346051e-22,T Cells
Snx5,8.54546882249947e-27,-0.308687093283195,0.168,0.438,1.56834989299333e-22,T Cells
Nsa2,2.13293744914419e-26,0.304811909262231,0.639,0.37,3.91458010041433e-22,T Cells
Rps25,4.61525501033519e-26,0.322780613481756,0.901,0.777,8.47037752046817e-22,T Cells
Cd180,5.8599425940064e-26,-0.271521364929121,0.022,0.266,1.07547526427799e-21,T Cells
Abca1,6.5008271050599e-26,-0.31165808650158,0.089,0.365,1.19309679859164e-21,T Cells
Asah1,7.77272314639094e-26,-0.350986172735388,0.074,0.397,1.42652787905713e-21,T Cells
Btf3,8.67291191282054e-26,0.314966045679892,0.715,0.452,1.59173952335995e-21,T Cells
Alox5ap,1.06852682969113e-25,-0.287348521830072,0.05,0.311,1.96106729053212e-21,T Cells
Limd2,1.50304537199054e-25,0.305261856513318,0.569,0.293,2.75853917121425e-21,T Cells
C3ar1,2.3412048069584e-25,-0.265437022044385,0.025,0.26,4.29681318221074e-21,T Cells
Inpp4b,3.29178432970792e-25,0.269591171561123,0.371,0.118,6.04141178031294e-21,T Cells
Sox4,4.10857715589772e-25,-0.277331007290261,0.047,0.281,7.54047165421909e-21,T Cells
Plxnb2,8.27216915989671e-25,-0.257142281701515,0.05,0.29,1.51819120591584e-20,T Cells
Asph,9.34332829537123e-25,-0.302358287924821,0.094,0.363,1.71478104204948e-20,T Cells
Eif3e,1.6622873952012e-24,0.308940427297852,0.505,0.229,3.05079605641277e-20,T Cells
Ssh2,2.40778207657258e-24,-0.368407771936789,0.215,0.504,4.41900244513365e-20,T Cells
Plek,5.73307966837145e-24,-0.319156348016426,0.094,0.368,1.05219211153621e-19,T Cells
Cd14,6.03716080659703e-24,-0.276232008282491,0.025,0.269,1.10800012283475e-19,T Cells
Rps17,6.12331755132398e-24,0.316158503010529,0.829,0.667,1.12381247019449e-19,T Cells
Comt,7.48276474185824e-24,-0.280631991694793,0.121,0.376,1.37331181307324e-19,T Cells
Rsrp1,1.1376216037542e-23,-0.377870576725008,0.441,0.696,2.08787692937009e-19,T Cells
Anp32b,1.17833773456709e-23,0.297188411611824,0.453,0.203,2.16260324425098e-19,T Cells
Nrip1,2.007295198585e-23,-0.335601620271118,0.176,0.457,3.68398887796305e-19,T Cells
Csf3r,2.80938303026592e-23,-0.26810228837585,0.025,0.275,5.15606067544704e-19,T Cells
Gm10076,2.81300719697662e-23,0.324081304086117,0.676,0.439,5.16271210861119e-19,T Cells
Fscn1,3.3235910287107e-23,-0.28026207533936,0.045,0.302,6.09978661499275e-19,T Cells
Eef1d,5.83671840931392e-23,0.326183725176388,0.663,0.42,1.07121292966138e-18,T Cells
Nav3,5.95984102562744e-23,-0.301982966240342,0.082,0.336,1.0938096234334e-18,T Cells
Snrpd2,6.15613548789207e-23,0.255309440028143,0.478,0.229,1.12983554609283e-18,T Cells
Ppfia4,1.09100642107232e-22,-0.282585005148033,0.072,0.338,2.00232408459403e-18,T Cells
Rbm3,1.85261670884575e-22,0.281593180332458,0.47,0.232,3.40010744574461e-18,T Cells
H2-DMa,2.27890154138843e-22,-0.266605299326409,0.092,0.324,4.18246799891019e-18,T Cells
Ccl6,2.65198968616222e-22,-0.285612433281012,0.045,0.262,4.86719667101353e-18,T Cells
Actr3,4.86721398218374e-22,0.273147173091629,0.525,0.29,8.93279782150182e-18,T Cells
Nfe2l2,5.89676741927906e-22,-0.282976323469283,0.089,0.342,1.08223372446029e-17,T Cells
P4ha1,7.63548405105429e-22,-0.273219194415932,0.059,0.305,1.40134038788999e-17,T Cells
Tmem173,7.77144988349231e-22,-0.273082343728553,0.104,0.352,1.42629419711734e-17,T Cells
Wasf2,7.94335559252478e-22,-0.296340864818603,0.21,0.461,1.45784405189607e-17,T Cells
Bri3,7.95115423614242e-22,-0.336872173872082,0.307,0.585,1.45927533695922e-17,T Cells
Serf2,1.08649114111e-21,0.254982671804519,0.834,0.653,1.99403719127918e-17,T Cells
Il7r,1.36456209554881e-21,0.285372350146148,0.23,0.063,2.50438081396073e-17,T Cells
Ubc,3.31064494714654e-21,-0.324770210993707,0.624,0.8,6.07602667149805e-17,T Cells
Tpp1,4.5717097773278e-21,-0.277372494584942,0.101,0.354,8.39045895432971e-17,T Cells
Ppt1,6.20301151870515e-21,-0.265227086786317,0.136,0.38,1.13843870402796e-16,T Cells
Pycard,1.97508444711971e-20,-0.298038174076497,0.28,0.509,3.6248724857988e-16,T Cells
H2afy,3.28142111677639e-20,0.256150785243737,0.493,0.252,6.02239217561971e-16,T Cells
Psme1,5.00431632339242e-20,0.278362629675064,0.611,0.371,9.1844217483221e-16,T Cells
Canx,5.87222544866947e-20,-0.284188297923782,0.295,0.52,1.07772953659431e-15,T Cells
Eif5a,8.2248542298854e-20,0.274366932202018,0.582,0.348,1.50950749681087e-15,T Cells
Ldhb,1.07147228107049e-19,-0.325760398640927,0.458,0.692,1.96647307744868e-15,T Cells
Tcf4,1.07783458706529e-19,-0.338877502691699,0.312,0.573,1.97814981764093e-15,T Cells
Man1a2,1.26901089916123e-19,-0.270094691463264,0.168,0.406,2.32901570323061e-15,T Cells
Pag1,2.16956693383152e-19,-0.272108197490628,0.144,0.375,3.98180619366098e-15,T Cells
Abi3,2.8331609882569e-19,-0.264022347505908,0.141,0.386,5.19970036174789e-15,T Cells
Tmed10,5.29149196665091e-19,-0.26567723986467,0.317,0.516,9.71147520639442e-15,T Cells
Serbp1,1.10077382593577e-18,0.315867850290371,0.713,0.533,2.02025020273992e-14,T Cells
Dst,1.18246898698002e-18,-0.29679951554994,0.208,0.458,2.17018533180443e-14,T Cells
Gpr183,1.59939786049553e-18,-0.260605915387246,0.126,0.356,2.93537489336745e-14,T Cells
Srgn,1.62728366785708e-18,0.291556405643411,0.542,0.294,2.9865537156181e-14,T Cells
Atp5e,5.60503642853677e-18,0.278819764894177,0.72,0.512,1.02869233572935e-13,T Cells
Mbnl1,1.21022570900624e-17,0.278600377572418,0.74,0.553,2.22112724373916e-13,T Cells
Cmtm6,2.49807954246822e-17,-0.250072998621118,0.082,0.314,4.58472538429193e-13,T Cells
Apoe,4.08729990708106e-17,-0.417427456374582,0.975,0.991,7.50142151946587e-13,T Cells
Cltc,5.39843279202041e-17,-0.276918293313395,0.265,0.502,9.90774370319505e-13,T Cells
Sumo2,6.12213498011597e-17,0.273222402733712,0.641,0.409,1.12359543290068e-12,T Cells
Glul,8.57651828321142e-17,-0.304414552517617,0.488,0.69,1.57404840051779e-12,T Cells
Actg1,9.74774294592037e-17,0.271562431194258,0.856,0.708,1.78900326286477e-12,T Cells
Tgfb1,1.92747653253946e-16,-0.258143020169788,0.193,0.418,3.53749768016967e-12,T Cells
Psmb1,2.23853876380337e-16,0.263187948251852,0.537,0.298,4.10839019320832e-12,T Cells
Sh3glb1,6.71526166546373e-16,-0.290465016578746,0.354,0.586,1.23245197346256e-11,T Cells
Macf1,2.80927778862818e-15,-0.293994398463095,0.369,0.577,5.1558675254693e-11,T Cells
AC149090.1,4.75465073615362e-15,-0.263001394908176,0.267,0.512,8.72621049606274e-11,T Cells
Rtn4,8.56924858880016e-15,-0.257108060340724,0.332,0.553,1.57271419350249e-10,T Cells
Ywhae,9.51848798589725e-15,-0.267886141668227,0.438,0.645,1.74692810005172e-10,T Cells
Ccr5,1.16517999840329e-14,-0.260187961555296,0.158,0.367,2.13845485106956e-10,T Cells
Gm42418,1.78584172200299e-14,-0.300265826535401,1,1,3.27755531239208e-10,T Cells
Tma7,1.95764791788621e-14,0.252981772970523,0.606,0.382,3.59287122369656e-10,T Cells
Son,2.08737907789164e-13,-0.263700202476471,0.636,0.779,3.83096682165453e-09,T Cells
Hspa5,5.20489483022735e-12,-0.290000550940885,0.418,0.605,9.55254348191625e-08,T Cells
Slc1a3,8.61356596834272e-12,-0.263329126462554,0.332,0.508,1.58084776216994e-07,T Cells
Calr,2.91280619397739e-11,-0.266182923500281,0.621,0.73,5.3458732078067e-07,T Cells
AY036118,3.8645596295825e-09,-0.254016946312706,0.787,0.851,7.09262628817277e-05,T Cells
Ptn,5.84931003250398e-07,-0.289417675199623,0.369,0.482,0.0107352387026545,T Cells
Xist,8.47919214192097e-07,-0.352723562218453,0.161,0.282,0.0155618613380676,T Cells
Pltp,2.87869074104211e-06,-0.317153730628129,0.035,0.101,0.0528326111703458,T Cells
Flt1,0.00052153572434081,-0.370266144107184,0.04,0.103,1,T Cells
Cldn5,0.0012620529459308,-0.524690833782659,0.052,0.104,1,T Cells
Snhg11,0.046950709610267,-0.386154589357353,0.084,0.118,1,T Cells
Cd74,0.0810880988172373,-0.422361848905593,0.166,0.218,1,T Cells
Meg3,0.148363006223868,-0.590329896730241,0.215,0.268,1,T Cells
